<?xml version="1.0" encoding="UTF-8"?>
<!DOCTYPE mapper PUBLIC "-//mybatis.org//DTD Mapper 3.0//EN" 
"http://mybatis.org/dtd/mybatis-3-mapper.dtd">
<mapper namespace="com.pcwk.ehr.mapper.BoardMapper">

 <update id="readCntUpdate" parameterType="Board">
     UPDATE board
        SET read_cnt = NVL(read_cnt,0)+1
      WHERE seq = #{seq}
      AND   reg_id <![CDATA[ <>  #{regId} ]]>  
 
 </update>

 <insert id="multipleSave">
        INSERT INTO board
        SELECT ROWNUM,
               DECODE(MOD(ROWNUM,2),1,'10','20'),
               '제목'||LPAD(ROWNUM,7,0),
               '내용'||LPAD(ROWNUM,7,0),
               MOD(ROWNUM,10),
               'ADMIN',
               SYSDATE-ROWNUM/24,
               'ADMIN',
               SYSDATE-ROWNUM/24
        FROM dual
        CONNECT BY LEVEL <![CDATA[  <=202 ]]>  
 </insert>
 
 <sql id="whereDoRetrieve">
        <choose> <!-- AND 대문사 사용 금지 -->
           <when test="searchDiv != null  and searchDiv == '10' ">
               AND  title LIKE #{searchWord} || '%'
           </when>
           <when test="searchDiv != null  and searchDiv == '20' ">
               AND  contents LIKE #{searchWord} || '%'
           </when>    
           <when test="searchDiv != null  and searchDiv == '30' ">
              AND  ( title LIKE #{searchWord} || '%'
               OR 
               contents LIKE #{searchWord} || '%'
               )
           </when>                                  
        </choose>
 </sql>
 
 <sql id="divDoRetrieve">
     <choose> <!-- AND 대문사 사용 금지 -->
       <when test="div != null  and div != '' ">
         AND  div = #{div}
       </when>
     </choose>  
 </sql>
 
 <select id="doRetrieve" parameterType="Search" 
     resultType="Board">
     -- TODO : 공지 사항(10) 자유 게시판(20) 
     SELECT A.*,B.*
     FROM(
	 SELECT TT1.RNUM AS no,
	        TT1.div,
	        TT1.title,
	        TT1.read_cnt as readCnt,
	        TT1.mod_id   as modId,
	        DECODE( TO_CHAR(TT1.mod_dt,'YYYYMMDD'), TO_CHAR(SYSDATE,'YYYYMMDD'),      
	                 TO_CHAR(TT1.mod_dt,'HH24:MI'),TO_CHAR(TT1.mod_dt,'YYYY/MM/DD')   
	        ) AS modDt,
	        TT1.seq    
	 FROM (
	     SELECT ROWNUM AS RNUM, T1.*
	     FROM (
	         SELECT *
	           FROM board
	          --WHERE title(10), contents(20), 30:title+contents
	          WHERE 1=1
	          <include refid="divDoRetrieve"></include>
              <include refid="whereDoRetrieve"></include>
	          ORDER BY mod_dt DESC
	     ) T1
	   WHERE ROWNUM<![CDATA[ <= ( #{pageSize}*(#{pageNo} -1) + #{pageSize} )     
	 )TT1
	WHERE tt1.rnum >=( #{pageSize}*(#{pageNo} -1) + 1 )   ]]>
   )A	
   CROSS JOIN(
	   SELECT COUNT(*) totalCnt
	   FROM board    
	   WHERE 1=1
	   <include refid="divDoRetrieve"></include>
	   <include refid="whereDoRetrieve"></include>  
   )B
 </select>

 <update id="doUpdate" parameterType="Board">
	 UPDATE board
	    SET div      = #{div},
	        title    = #{title},
	        contents = #{contents},
	        mod_id   = #{modId},
	        mod_dt   = SYSDATE
	  WHERE seq = #{seq}  
 </update>
 <select id="doSelectOne" parameterType="Board" resultType="Board">
	SELECT
	    seq,
	    div,
	    title,
	    contents,
	    read_cnt    as readCnt,
	    reg_id      as regId,
	    TO_CHAR(reg_dt,'YYYY/MM/DD HH24:MI:SS') as regDt, 
	    mod_id      as modId,
	    TO_CHAR(mod_dt,'YYYY/MM/DD HH24:MI:SS') as modDt  
	FROM
	    board
	WHERE seq = #{seq}
 </select>

 <select id="getSequence" resultType="int">
	SELECT MAX(SEQ) seq 
	  FROM board
 </select>

 <delete id="doDelete" parameterType="Board">
	 DELETE FROM board
	 WHERE seq = #{seq}
 </delete>

 <delete id="deleteAll">
    DELETE FROM board
 </delete>
 
 <insert id="doSave" parameterType="Board">
	INSERT INTO board (
	    div,
	    title,
	    contents,
	    read_cnt,
	    reg_id,
	    reg_dt,
	    mod_id,
	    mod_dt
	) VALUES (
	    #{div},
	    #{title},
	    #{contents},
	    0,
	    #{regId},
	    sysdate,
	    #{regId},
	    sysdate
	) 
 </insert>
 
</mapper>